<?xml version="1.0" encoding="UTF-8"?>
<project-private xmlns="http://www.netbeans.org/ns/project-private/1">
    <editor-bookmarks xmlns="http://www.netbeans.org/ns/editor-bookmarks/2" lastBookmarkId="0"/>
    <open-files xmlns="http://www.netbeans.org/ns/projectui-open-files/2">
        <group>
            <file>file:/E:/Nhom06_DeTai07_PTUD_13A_2019/Nhom06_DeTai07_PTUD_13A_2019/src/Jpanel_Form_NhanVien/HopDong.java</file>
            <file>file:/E:/Nhom06_DeTai07_PTUD_13A_2019/Nhom06_DeTai07_PTUD_13A_2019/src/Jpanel_Form_NhanVien/QuanLyKH.java</file>
            <file>file:/E:/Nhom06_DeTai07_PTUD_13A_2019/Nhom06_DeTai07_PTUD_13A_2019/src/Jpanel_Form_NhanVien/TimKiemNV.java</file>
            <file>file:/E:/Nhom06_DeTai07_PTUD_13A_2019/Nhom06_DeTai07_PTUD_13A_2019/src/Jpanel_Form_QuanLy/ThongKe.java</file>
            <file>file:/E:/Nhom06_DeTai07_PTUD_13A_2019/Nhom06_DeTai07_PTUD_13A_2019/src/GUI_Form/TrangChuNhanVien.java</file>
            <file>file:/E:/Nhom06_DeTai07_PTUD_13A_2019/Nhom06_DeTai07_PTUD_13A_2019/src/Jpanel_Form_QuanLy/QuanLyXeMay.java</file>
            <file>file:/E:/Nhom06_DeTai07_PTUD_13A_2019/Nhom06_DeTai07_PTUD_13A_2019/src/GUI_Form/TrangChuQuanLy.java</file>
            <file>file:/E:/Nhom06_DeTai07_PTUD_13A_2019/Nhom06_DeTai07_PTUD_13A_2019/src/Jpanel_Form_NhanVien/HoaDon.java</file>
            <file>file:/E:/Nhom06_DeTai07_PTUD_13A_2019/Nhom06_DeTai07_PTUD_13A_2019/src/Jpanel_Form_QuanLy/QuanLyNV.java</file>
            <file>file:/E:/Nhom06_DeTai07_PTUD_13A_2019/Nhom06_DeTai07_PTUD_13A_2019/src/GUI_Form/DoiMatKhau.java</file>
        </group>
    </open-files>
</project-private>
